{"vin":"5656","odometer":5.6565656E7,"gallonConsumed":5.6565656E7,"odometerSinceLastOilChange":565656.0,"engineSize":56.0}
